Workbook
Name DropDownSP: Sheet2!$A$2:$B$8

Sheet Sheet1
A1: الاسم | B1: المرفق الصحي | C1: التخصص | D1: ref | E1: التصنيف | F1: رقمه | G1: رقم الترخيص | H1: إذن المزاولة | I1: السجل التجاري
A2: د. عبدالعلبم الصادي | B2: مجمع الزيتونة الطبي | C2: أخصائي أطفال | D2: =VLOOKUP(E2, Sheet2!A$2:B$8, 2, FALSE) -> 1 | E2: استشاري | F2: 1 | G2: 1 | H2: 1 | I2: 1
A3: د. أمينة أبوقرين | B3: مجمع الزيتونة الطبي | C3: أخصائي أطفال | D3: =VLOOKUP(E3, Sheet2!A$2:B$8, 2, FALSE) -> 1 | E3: استشاري | F3: 1 | G3: 1 | H3: 1 | I3: 1
A4: د. علي أحمد عبدالحميد | B4: مجمع الزيتونة الطبي | C4: طبيب أطفال | D4: =VLOOKUP(E4, Sheet2!A$2:B$8, 2, FALSE) -> 7 | E4: مسعف | F4: 1 | G4: 1 | H4: 1 | I4: 1
A5: د. عبدالعلبم الصادي | B5: مجمع الزيتونة الطبي | C5: طبيب أطفال | D5: =VLOOKUP(E5, Sheet2!A$2:B$8, 2, FALSE) -> 2 | E5: اخصائي | F5: 1 | G5: 1 | H5: 1 | I5: 1
A6: د. أمينة أبوقرين | B6: مجمع الزيتونة الطبي | C6: طبيب أطفال | D6: =VLOOKUP(E6, Sheet2!A$2:B$8, 2, FALSE) -> 3 | E6: طبيب | F6: 1 | G6: 1 | H6: 1 | I6: 1
A7: د. علي أحمد عبدالحميد | B7: مجمع الزيتونة الطبي | C7: طبيب أطفال | D7: =VLOOKUP(E7, Sheet2!A$2:B$8, 2, FALSE) -> 5 | E7: مساعد صيدلي | F7: 1 | G7: 1 | H7: 1 | I7: 1
A8: د. عبدالعلبم الصادي | B8: مجمع الزيتونة الطبي | C8: طبيب أطفال | D8: =VLOOKUP(E8, Sheet2!A$2:B$8, 2, FALSE) -> 6 | E8: ممرض/ مساعد تمريض / فني أشعة | F8: 1 | G8: 1 | H8: 1 | I8: 1
A9: د. أمينة أبوقرين | B9: مجمع الزيتونة الطبي | C9: طبيب أطفال | D9: =VLOOKUP(E9, Sheet2!A$2:B$8, 2, FALSE) -> 6 | E9: ممرض/ مساعد تمريض / فني أشعة | F9: 1 | G9: 1 | H9: 1 | I9: 1
A10: د. علي أحمد عبدالحميد | B10: مجمع الزيتونة الطبي | C10: طبيب أطفال | D10: =VLOOKUP(E10, Sheet2!A$2:B$8, 2, FALSE) -> 3 | E10: طبيب | F10: 1 | G10: 1 | H10: 1 | I10: 1
A11: د. عبدالعلبم الصادي | B11: مجمع الزيتونة الطبي | C11: طبيب أطفال | D11: =VLOOKUP(E11, Sheet2!A$2:B$8, 2, FALSE) -> 4 | E11: صيدلي | F11: 1 | G11: 1 | H11: 1 | I11: 1
A12: د. أمينة أبوقرين | B12: مجمع الزيتونة الطبي | C12: طبيب أطفال | D12: =VLOOKUP(E12, Sheet2!A$2:B$8, 2, FALSE) -> 6 | E12: ممرض/ مساعد تمريض / فني أشعة | F12: 1 | G12: 1 | H12: 1 | I12: 1
A13: د. علي أحمد عبدالحميد | B13: مجمع الزيتونة الطبي | C13: طبيب أطفال | D13: =VLOOKUP(E13, Sheet2!A$2:B$8, 2, FALSE) -> 6 | E13: ممرض/ مساعد تمريض / فني أشعة | F13: 1 | G13: 1 | H13: 1 | I13: 1
... A191: د. عبدالعلبم الصادي | B191: مجمع الزيتونة الطبي | C191: طبيب أطفال | D191: =VLOOKUP(E191, Sheet2!A$2:B$8, 2, FALSE) -> 6 | E191: ممرض/ مساعد تمريض / فني أشعة | F191: 1 | G191: 1 | H191: 1 | I191: 1
D192: =VLOOKUP(E192, Sheet2!A$2:B$8, 2, FALSE) -> #N/A
D193: =VLOOKUP(E193, Sheet2!A$2:B$8, 2, FALSE) -> #N/A
D194: =VLOOKUP(E194, Sheet2!A$2:B$8, 2, FALSE) -> #N/A
D195: =VLOOKUP(E195, Sheet2!A$2:B$8, 2, FALSE) -> #N/A
D196: =VLOOKUP(E196, Sheet2!A$2:B$8, 2, FALSE) -> #N/A
D197: =VLOOKUP(E197, Sheet2!A$2:B$8, 2, FALSE) -> #N/A
D198: =VLOOKUP(E198, Sheet2!A$2:B$8, 2, FALSE) -> #N/A
D199: =VLOOKUP(E199, Sheet2!A$2:B$8, 2, FALSE) -> #N/A
D200: =VLOOKUP(E200, Sheet2!A$2:B$8, 2, FALSE) -> #N/A
D201: =VLOOKUP(E201, Sheet2!A$2:B$8, 2, FALSE) -> #N/A
D202: =VLOOKUP(E202, Sheet2!A$2:B$8, 2, FALSE) -> #N/A
D203: =VLOOKUP(E203, Sheet2!A$2:B$8, 2, FALSE) -> #N/A
... D568: =VLOOKUP(E568, Sheet2!A$2:B$8, 2, FALSE) -> #N/A

Sheet Sheet2
A1: التصنيف | B1: ref
A2: استشاري | B2: 1
A3: اخصائي | B3: 2
A4: طبيب | B4: 3
A5: صيدلي | B5: 4
A6: مساعد صيدلي | B6: 5
A7: ممرض/ مساعد تمريض / فني أشعة | B7: 6
A8: مسعف | B8: 7
